INSERT INTO mentapp_volume (volume_id) VALUES (1);
INSERT INTO mentapp_chapter (chapter_id, ordering, volume_id) VALUES ('matter_energy_intro', 10.0, 1);
INSERT INTO mentapp_chapter_loc (lang_code, dialect_code, title, chapter_id) VALUES ('en', 'US', 'Introduction to the Kontinua Sequence', 'matter_energy_intro');
INSERT INTO mentapp_chapter (chapter_id, ordering, volume_id) VALUES ('atomic_mass', 20.0, 1);
INSERT INTO mentapp_chapter_loc (lang_code, dialect_code, title, chapter_id) VALUES ('en', 'US', 'Atomic and Molecular Mass', 'atomic_mass');
INSERT INTO mentapp_chapter (chapter_id, ordering, volume_id) VALUES ('work_energy', 30.0, 1);
INSERT INTO mentapp_chapter_loc (lang_code, dialect_code, title, chapter_id) VALUES ('en', 'US', 'Work and Energy', 'work_energy');
INSERT INTO mentapp_chapter (chapter_id, ordering, volume_id) VALUES ('units_conversions', 40.0, 1);
INSERT INTO mentapp_chapter_loc (lang_code, dialect_code, title, chapter_id) VALUES ('en', 'US', 'Units and Conversions', 'units_conversions');
INSERT INTO mentapp_chapter (chapter_id, ordering, volume_id) VALUES ('simple_machines', 50.0, 1);
INSERT INTO mentapp_chapter_loc (lang_code, dialect_code, title, chapter_id) VALUES ('en', 'US', 'Simple Machines', 'simple_machines');
INSERT INTO mentapp_chapter (chapter_id, ordering, volume_id) VALUES ('buoyancy', 60.0, 1);
INSERT INTO mentapp_chapter_loc (lang_code, dialect_code, title, chapter_id) VALUES ('en', 'US', 'Buoyancy', 'buoyancy');
INSERT INTO mentapp_chapter (chapter_id, ordering, volume_id) VALUES ('heat', 70.0, 1);
INSERT INTO mentapp_chapter_loc (lang_code, dialect_code, title, chapter_id) VALUES ('en', 'US', 'Heat', 'heat');
INSERT INTO mentapp_volume (volume_id) VALUES (2);
INSERT INTO mentapp_chapter (chapter_id, ordering, volume_id) VALUES ('biases1', 10.0, 2);
INSERT INTO mentapp_chapter_loc (lang_code, dialect_code, title, chapter_id) VALUES ('en', 'US', 'Cognitive Biases 1', 'biases1');
INSERT INTO mentapp_chapter (chapter_id, ordering, volume_id) VALUES ('friction', 20.0, 2);
INSERT INTO mentapp_chapter_loc (lang_code, dialect_code, title, chapter_id) VALUES ('en', 'US', 'Friction', 'friction');
INSERT INTO mentapp_chapter (chapter_id, ordering, volume_id) VALUES ('basic_statistics', 30.0, 2);
INSERT INTO mentapp_chapter_loc (lang_code, dialect_code, title, chapter_id) VALUES ('en', 'US', 'Basic Statistics', 'basic_statistics');
INSERT INTO mentapp_chapter (chapter_id, ordering, volume_id) VALUES ('stat_spreadsheets', 40.0, 2);
INSERT INTO mentapp_chapter_loc (lang_code, dialect_code, title, chapter_id) VALUES ('en', 'US', 'Basic Statistics in Spreadsheets', 'stat_spreadsheets');
INSERT INTO mentapp_volume (volume_id) VALUES (3);
INSERT INTO mentapp_chapter (chapter_id, ordering, volume_id) VALUES ('dc1', 10.0, 3);
INSERT INTO mentapp_chapter_loc (lang_code, dialect_code, title, chapter_id) VALUES ('en', 'US', 'Introduction to Electricity', 'dc1');
INSERT INTO mentapp_chapter (chapter_id, ordering, volume_id) VALUES ('dc_circuits', 20.0, 3);
INSERT INTO mentapp_chapter_loc (lang_code, dialect_code, title, chapter_id) VALUES ('en', 'US', 'DC Circuit Analysis', 'dc_circuits');
INSERT INTO mentapp_chapter (chapter_id, ordering, volume_id) VALUES ('charge', 30.0, 3);
INSERT INTO mentapp_chapter_loc (lang_code, dialect_code, title, chapter_id) VALUES ('en', 'US', 'Charge', 'charge');
INSERT INTO mentapp_chapter (chapter_id, ordering, volume_id) VALUES ('fertilizer', 40.0, 3);
INSERT INTO mentapp_chapter_loc (lang_code, dialect_code, title, chapter_id) VALUES ('en', 'US', 'Fertilizer', 'fertilizer');
INSERT INTO mentapp_chapter (chapter_id, ordering, volume_id) VALUES ('concrete', 50.0, 3);
INSERT INTO mentapp_chapter_loc (lang_code, dialect_code, title, chapter_id) VALUES ('en', 'US', 'Concrete', 'concrete');
INSERT INTO mentapp_chapter (chapter_id, ordering, volume_id) VALUES ('metals', 60.0, 3);
INSERT INTO mentapp_chapter_loc (lang_code, dialect_code, title, chapter_id) VALUES ('en', 'US', 'Metals', 'metals');
INSERT INTO mentapp_volume (volume_id) VALUES (4);
INSERT INTO mentapp_chapter (chapter_id, ordering, volume_id) VALUES ('angles', 10.0, 4);
INSERT INTO mentapp_chapter_loc (lang_code, dialect_code, title, chapter_id) VALUES ('en', 'US', 'Angles', 'angles');
INSERT INTO mentapp_chapter (chapter_id, ordering, volume_id) VALUES ('triangles_circles', 20.0, 4);
INSERT INTO mentapp_chapter_loc (lang_code, dialect_code, title, chapter_id) VALUES ('en', 'US', 'Introduction to Triangles', 'triangles_circles');
INSERT INTO mentapp_chapter (chapter_id, ordering, volume_id) VALUES ('pythagorean_theorem', 30.0, 4);
INSERT INTO mentapp_chapter_loc (lang_code, dialect_code, title, chapter_id) VALUES ('en', 'US', 'Pythagorean Theorem', 'pythagorean_theorem');
INSERT INTO mentapp_chapter (chapter_id, ordering, volume_id) VALUES ('congruence', 40.0, 4);
INSERT INTO mentapp_chapter_loc (lang_code, dialect_code, title, chapter_id) VALUES ('en', 'US', 'Congruence', 'congruence');
INSERT INTO mentapp_chapter (chapter_id, ordering, volume_id) VALUES ('parallel_perpendicular', 50.0, 4);
INSERT INTO mentapp_chapter_loc (lang_code, dialect_code, title, chapter_id) VALUES ('en', 'US', 'Parallel and Perpendicular', 'parallel_perpendicular');
INSERT INTO mentapp_chapter (chapter_id, ordering, volume_id) VALUES ('circles', 60.0, 4);
INSERT INTO mentapp_chapter_loc (lang_code, dialect_code, title, chapter_id) VALUES ('en', 'US', 'Circles', 'circles');
INSERT INTO mentapp_volume (volume_id) VALUES (5);
INSERT INTO mentapp_chapter (chapter_id, ordering, volume_id) VALUES ('functions', 10.0, 5);
INSERT INTO mentapp_chapter_loc (lang_code, dialect_code, title, chapter_id) VALUES ('en', 'US', 'Functions and Their Graphs', 'functions');
INSERT INTO mentapp_chapter (chapter_id, ordering, volume_id) VALUES ('volume_solids', 20.0, 5);
INSERT INTO mentapp_chapter_loc (lang_code, dialect_code, title, chapter_id) VALUES ('en', 'US', 'Volumes of Common Solids', 'volume_solids');
INSERT INTO mentapp_chapter (chapter_id, ordering, volume_id) VALUES ('conic_sections', 30.0, 5);
INSERT INTO mentapp_chapter_loc (lang_code, dialect_code, title, chapter_id) VALUES ('en', 'US', 'Conic Sections', 'conic_sections');
INSERT INTO mentapp_volume (volume_id) VALUES (6);
INSERT INTO mentapp_chapter (chapter_id, ordering, volume_id) VALUES ('falling_bodies', 10.0, 6);
INSERT INTO mentapp_chapter_loc (lang_code, dialect_code, title, chapter_id) VALUES ('en', 'US', 'Falling Bodies', 'falling_bodies');
INSERT INTO mentapp_chapter (chapter_id, ordering, volume_id) VALUES ('solving_quadratics', 20.0, 6);
INSERT INTO mentapp_chapter_loc (lang_code, dialect_code, title, chapter_id) VALUES ('en', 'US', 'Solving Quadratics', 'solving_quadratics');
INSERT INTO mentapp_chapter (chapter_id, ordering, volume_id) VALUES ('complex_numbers', 30.0, 6);
INSERT INTO mentapp_chapter_loc (lang_code, dialect_code, title, chapter_id) VALUES ('en', 'US', 'Complex Numbers', 'complex_numbers');
INSERT INTO mentapp_volume (volume_id) VALUES (7);
INSERT INTO mentapp_chapter (chapter_id, ordering, volume_id) VALUES ('vectors', 10.0, 7);
INSERT INTO mentapp_chapter_loc (lang_code, dialect_code, title, chapter_id) VALUES ('en', 'US', 'Vectors', 'vectors');
INSERT INTO mentapp_chapter (chapter_id, ordering, volume_id) VALUES ('momentum', 20.0, 7);
INSERT INTO mentapp_chapter_loc (lang_code, dialect_code, title, chapter_id) VALUES ('en', 'US', 'Momentum', 'momentum');
INSERT INTO mentapp_chapter (chapter_id, ordering, volume_id) VALUES ('dot', 30.0, 7);
INSERT INTO mentapp_chapter_loc (lang_code, dialect_code, title, chapter_id) VALUES ('en', 'US', 'The Dot Product', 'dot');
INSERT INTO mentapp_volume (volume_id) VALUES (8);
INSERT INTO mentapp_chapter (chapter_id, ordering, volume_id) VALUES ('basic_spreadsheet', 10.0, 8);
INSERT INTO mentapp_chapter_loc (lang_code, dialect_code, title, chapter_id) VALUES ('en', 'US', 'Introduction to Spreadsheets', 'basic_spreadsheet');
INSERT INTO mentapp_chapter (chapter_id, ordering, volume_id) VALUES ('compound_interest', 20.0, 8);
INSERT INTO mentapp_chapter_loc (lang_code, dialect_code, title, chapter_id) VALUES ('en', 'US', 'Compound Interest', 'compound_interest');
INSERT INTO mentapp_chapter (chapter_id, ordering, volume_id) VALUES ('intro_dataviz', 30.0, 8);
INSERT INTO mentapp_chapter_loc (lang_code, dialect_code, title, chapter_id) VALUES ('en', 'US', 'Introduction to Data Visualization', 'intro_dataviz');
INSERT INTO mentapp_volume (volume_id) VALUES (9);
INSERT INTO mentapp_chapter (chapter_id, ordering, volume_id) VALUES ('atmopressure', 10.0, 9);
INSERT INTO mentapp_chapter_loc (lang_code, dialect_code, title, chapter_id) VALUES ('en', 'US', 'Atmospheric Pressure', 'atmopressure');
INSERT INTO mentapp_chapter (chapter_id, ordering, volume_id) VALUES ('exponents_review', 20.0, 9);
INSERT INTO mentapp_chapter_loc (lang_code, dialect_code, title, chapter_id) VALUES ('en', 'US', 'Exponents', 'exponents_review');
INSERT INTO mentapp_chapter (chapter_id, ordering, volume_id) VALUES ('exponential_decay', 30.0, 9);
INSERT INTO mentapp_chapter_loc (lang_code, dialect_code, title, chapter_id) VALUES ('en', 'US', 'Exponential Decay', 'exponential_decay');
INSERT INTO mentapp_chapter (chapter_id, ordering, volume_id) VALUES ('logs', 40.0, 9);
INSERT INTO mentapp_chapter_loc (lang_code, dialect_code, title, chapter_id) VALUES ('en', 'US', 'Logarithms', 'logs');
INSERT INTO mentapp_volume (volume_id) VALUES (10);
INSERT INTO mentapp_chapter (chapter_id, ordering, volume_id) VALUES ('trig_functions', 10.0, 10);
INSERT INTO mentapp_chapter_loc (lang_code, dialect_code, title, chapter_id) VALUES ('en', 'US', 'Trigometric Functions', 'trig_functions');
INSERT INTO mentapp_chapter (chapter_id, ordering, volume_id) VALUES ('transforms', 20.0, 10);
INSERT INTO mentapp_chapter_loc (lang_code, dialect_code, title, chapter_id) VALUES ('en', 'US', 'Transforming Functions', 'transforms');
INSERT INTO mentapp_volume (volume_id) VALUES (11);
INSERT INTO mentapp_chapter (chapter_id, ordering, volume_id) VALUES ('sound', 10.0, 11);
INSERT INTO mentapp_chapter_loc (lang_code, dialect_code, title, chapter_id) VALUES ('en', 'US', 'Sound', 'sound');
INSERT INTO mentapp_chapter (chapter_id, ordering, volume_id) VALUES ('ac', 20.0, 11);
INSERT INTO mentapp_chapter_loc (lang_code, dialect_code, title, chapter_id) VALUES ('en', 'US', 'Alternating Current', 'ac');
INSERT INTO mentapp_chapter (chapter_id, ordering, volume_id) VALUES ('drag', 30.0, 11);
INSERT INTO mentapp_chapter_loc (lang_code, dialect_code, title, chapter_id) VALUES ('en', 'US', 'Drag', 'drag');
INSERT INTO mentapp_chapter (chapter_id, ordering, volume_id) VALUES ('vector_functions', 40.0, 11);
INSERT INTO mentapp_chapter_loc (lang_code, dialect_code, title, chapter_id) VALUES ('en', 'US', 'Vector-valued Functions', 'vector_functions');
INSERT INTO mentapp_chapter (chapter_id, ordering, volume_id) VALUES ('circular', 50.0, 11);
INSERT INTO mentapp_chapter_loc (lang_code, dialect_code, title, chapter_id) VALUES ('en', 'US', 'Circular Motion', 'circular');
INSERT INTO mentapp_chapter (chapter_id, ordering, volume_id) VALUES ('orbits', 60.0, 11);
INSERT INTO mentapp_chapter_loc (lang_code, dialect_code, title, chapter_id) VALUES ('en', 'US', 'Orbits', 'orbits');
INSERT INTO mentapp_chapter (chapter_id, ordering, volume_id) VALUES ('vector_sim', 70.0, 11);
INSERT INTO mentapp_chapter_loc (lang_code, dialect_code, title, chapter_id) VALUES ('en', 'US', 'Simulation with Vectors', 'vector_sim');
INSERT INTO mentapp_chapter (chapter_id, ordering, volume_id) VALUES ('long_lat_dist', 80.0, 11);
INSERT INTO mentapp_chapter_loc (lang_code, dialect_code, title, chapter_id) VALUES ('en', 'US', 'Longitude and Latitude', 'long_lat_dist');
INSERT INTO mentapp_chapter (chapter_id, ordering, volume_id) VALUES ('tides', 90.0, 11);
INSERT INTO mentapp_chapter_loc (lang_code, dialect_code, title, chapter_id) VALUES ('en', 'US', 'Tides and Eclipses', 'tides');
INSERT INTO mentapp_volume (volume_id) VALUES (12);
INSERT INTO mentapp_chapter (chapter_id, ordering, volume_id) VALUES ('emwaves', 10.0, 12);
INSERT INTO mentapp_chapter_loc (lang_code, dialect_code, title, chapter_id) VALUES ('en', 'US', 'Electromagnetic Waves', 'emwaves');
INSERT INTO mentapp_chapter (chapter_id, ordering, volume_id) VALUES ('camera', 20.0, 12);
INSERT INTO mentapp_chapter_loc (lang_code, dialect_code, title, chapter_id) VALUES ('en', 'US', 'How Cameras Work', 'camera');
INSERT INTO mentapp_chapter (chapter_id, ordering, volume_id) VALUES ('eye', 30.0, 12);
INSERT INTO mentapp_chapter_loc (lang_code, dialect_code, title, chapter_id) VALUES ('en', 'US', 'How Eyes Work', 'eye');
INSERT INTO mentapp_chapter (chapter_id, ordering, volume_id) VALUES ('reflection', 40.0, 12);
INSERT INTO mentapp_chapter_loc (lang_code, dialect_code, title, chapter_id) VALUES ('en', 'US', 'Reflection', 'reflection');
INSERT INTO mentapp_chapter (chapter_id, ordering, volume_id) VALUES ('refraction', 50.0, 12);
INSERT INTO mentapp_chapter_loc (lang_code, dialect_code, title, chapter_id) VALUES ('en', 'US', 'Refraction', 'refraction');
INSERT INTO mentapp_chapter (chapter_id, ordering, volume_id) VALUES ('lens', 60.0, 12);
INSERT INTO mentapp_chapter_loc (lang_code, dialect_code, title, chapter_id) VALUES ('en', 'US', 'Lenses', 'lens');
INSERT INTO mentapp_chapter (chapter_id, ordering, volume_id) VALUES ('py_images', 70.0, 12);
INSERT INTO mentapp_chapter_loc (lang_code, dialect_code, title, chapter_id) VALUES ('en', 'US', 'Images in Python', 'py_images');
INSERT INTO mentapp_volume (volume_id) VALUES (13);
INSERT INTO mentapp_chapter (chapter_id, ordering, volume_id) VALUES ('polynomials_intro', 10.0, 13);
INSERT INTO mentapp_chapter_loc (lang_code, dialect_code, title, chapter_id) VALUES ('en', 'US', 'Introduction to Polynomials', 'polynomials_intro');
INSERT INTO mentapp_chapter (chapter_id, ordering, volume_id) VALUES ('pylists', 20.0, 13);
INSERT INTO mentapp_chapter_loc (lang_code, dialect_code, title, chapter_id) VALUES ('en', 'US', 'Python Lists', 'pylists');
INSERT INTO mentapp_chapter (chapter_id, ordering, volume_id) VALUES ('add_subtract_polynomials', 30.0, 13);
INSERT INTO mentapp_chapter_loc (lang_code, dialect_code, title, chapter_id) VALUES ('en', 'US', 'Adding and Subtracting Polynomials', 'add_subtract_polynomials');
INSERT INTO mentapp_chapter (chapter_id, ordering, volume_id) VALUES ('multiplying_polynomials', 40.0, 13);
INSERT INTO mentapp_chapter_loc (lang_code, dialect_code, title, chapter_id) VALUES ('en', 'US', 'Multiplying Polynomials', 'multiplying_polynomials');
INSERT INTO mentapp_chapter (chapter_id, ordering, volume_id) VALUES ('pymultpoly', 50.0, 13);
INSERT INTO mentapp_chapter_loc (lang_code, dialect_code, title, chapter_id) VALUES ('en', 'US', 'Multiplying Polynomials in Python', 'pymultpoly');
INSERT INTO mentapp_volume (volume_id) VALUES (14);
INSERT INTO mentapp_chapter (chapter_id, ordering, volume_id) VALUES ('differentiating_polynomials', 10.0, 14);
INSERT INTO mentapp_chapter_loc (lang_code, dialect_code, title, chapter_id) VALUES ('en', 'US', 'Differentiating Polynomials', 'differentiating_polynomials');
INSERT INTO mentapp_chapter (chapter_id, ordering, volume_id) VALUES ('classes', 20.0, 14);
INSERT INTO mentapp_chapter_loc (lang_code, dialect_code, title, chapter_id) VALUES ('en', 'US', 'Python Classes', 'classes');
INSERT INTO mentapp_chapter (chapter_id, ordering, volume_id) VALUES ('common_products_polynomials', 30.0, 14);
INSERT INTO mentapp_chapter_loc (lang_code, dialect_code, title, chapter_id) VALUES ('en', 'US', 'Common Polynomial Products', 'common_products_polynomials');
INSERT INTO mentapp_chapter (chapter_id, ordering, volume_id) VALUES ('factoring_polynomials', 40.0, 14);
INSERT INTO mentapp_chapter_loc (lang_code, dialect_code, title, chapter_id) VALUES ('en', 'US', 'Factoring Polynomials', 'factoring_polynomials');
INSERT INTO mentapp_volume (volume_id) VALUES (15);
INSERT INTO mentapp_chapter (chapter_id, ordering, volume_id) VALUES ('practice_polynomials', 10.0, 15);
INSERT INTO mentapp_chapter_loc (lang_code, dialect_code, title, chapter_id) VALUES ('en', 'US', 'Practice with Polynomials', 'practice_polynomials');
INSERT INTO mentapp_chapter (chapter_id, ordering, volume_id) VALUES ('graphs_polynomials', 20.0, 15);
INSERT INTO mentapp_chapter_loc (lang_code, dialect_code, title, chapter_id) VALUES ('en', 'US', 'Graphing Polynomials', 'graphs_polynomials');
INSERT INTO mentapp_chapter (chapter_id, ordering, volume_id) VALUES ('interpolating_polynomials', 30.0, 15);
INSERT INTO mentapp_chapter_loc (lang_code, dialect_code, title, chapter_id) VALUES ('en', 'US', 'Interpolating with Polynomials', 'interpolating_polynomials');
INSERT INTO mentapp_volume (volume_id) VALUES (16);
INSERT INTO mentapp_chapter (chapter_id, ordering, volume_id) VALUES ('limits', 10.0, 16);
INSERT INTO mentapp_chapter_loc (lang_code, dialect_code, title, chapter_id) VALUES ('en', 'US', 'Limits', 'limits');
INSERT INTO mentapp_chapter (chapter_id, ordering, volume_id) VALUES ('rational_functions', 20.0, 16);
INSERT INTO mentapp_chapter_loc (lang_code, dialect_code, title, chapter_id) VALUES ('en', 'US', 'Rational Functions', 'rational_functions');
INSERT INTO mentapp_volume (volume_id) VALUES (17);
INSERT INTO mentapp_chapter (chapter_id, ordering, volume_id) VALUES ('differentiability', 10.0, 17);
INSERT INTO mentapp_chapter_loc (lang_code, dialect_code, title, chapter_id) VALUES ('en', 'US', 'Differentiation', 'differentiability');
INSERT INTO mentapp_chapter (chapter_id, ordering, volume_id) VALUES ('derivative_definition', 20.0, 17);
INSERT INTO mentapp_chapter_loc (lang_code, dialect_code, title, chapter_id) VALUES ('en', 'US', 'Derivatives', 'derivative_definition');
INSERT INTO mentapp_chapter (chapter_id, ordering, volume_id) VALUES ('derivative_rules', 30.0, 17);
INSERT INTO mentapp_chapter_loc (lang_code, dialect_code, title, chapter_id) VALUES ('en', 'US', 'Rules for Finding Derivatives', 'derivative_rules');
INSERT INTO mentapp_chapter (chapter_id, ordering, volume_id) VALUES ('optimization', 40.0, 17);
INSERT INTO mentapp_chapter_loc (lang_code, dialect_code, title, chapter_id) VALUES ('en', 'US', 'Optimization', 'optimization');
INSERT INTO mentapp_volume (volume_id) VALUES (18);
INSERT INTO mentapp_chapter (chapter_id, ordering, volume_id) VALUES ('implicit_diff', 10.0, 18);
INSERT INTO mentapp_chapter_loc (lang_code, dialect_code, title, chapter_id) VALUES ('en', 'US', 'Implicit Differentiation', 'implicit_diff');
INSERT INTO mentapp_chapter (chapter_id, ordering, volume_id) VALUES ('related_rates', 20.0, 18);
INSERT INTO mentapp_chapter_loc (lang_code, dialect_code, title, chapter_id) VALUES ('en', 'US', 'Related Rates', 'related_rates');
INSERT INTO mentapp_chapter (chapter_id, ordering, volume_id) VALUES ('multiv_func', 30.0, 18);
INSERT INTO mentapp_chapter_loc (lang_code, dialect_code, title, chapter_id) VALUES ('en', 'US', 'Multivariate Functions', 'multiv_func');
INSERT INTO mentapp_chapter (chapter_id, ordering, volume_id) VALUES ('partial_deriv_grad', 40.0, 18);
INSERT INTO mentapp_chapter_loc (lang_code, dialect_code, title, chapter_id) VALUES ('en', 'US', 'Partial Derivatives and Gradients', 'partial_deriv_grad');
INSERT INTO mentapp_volume (volume_id) VALUES (19);
INSERT INTO mentapp_chapter (chapter_id, ordering, volume_id) VALUES ('vectors_matrices', 10.0, 19);
INSERT INTO mentapp_chapter_loc (lang_code, dialect_code, title, chapter_id) VALUES ('en', 'US', 'Vectors and Matrices', 'vectors_matrices');
INSERT INTO mentapp_chapter (chapter_id, ordering, volume_id) VALUES ('linear_combinations', 20.0, 19);
INSERT INTO mentapp_chapter_loc (lang_code, dialect_code, title, chapter_id) VALUES ('en', 'US', 'Linear Combinations', 'linear_combinations');
INSERT INTO mentapp_chapter (chapter_id, ordering, volume_id) VALUES ('spans_independence', 30.0, 19);
INSERT INTO mentapp_chapter_loc (lang_code, dialect_code, title, chapter_id) VALUES ('en', 'US', 'Vector Spans and Independence', 'spans_independence');
INSERT INTO mentapp_chapter (chapter_id, ordering, volume_id) VALUES ('systems_matrices', 40.0, 19);
INSERT INTO mentapp_chapter_loc (lang_code, dialect_code, title, chapter_id) VALUES ('en', 'US', 'Matrices', 'systems_matrices');
INSERT INTO mentapp_volume (volume_id) VALUES (20);
INSERT INTO mentapp_chapter (chapter_id, ordering, volume_id) VALUES ('projections', 10.0, 20);
INSERT INTO mentapp_chapter_loc (lang_code, dialect_code, title, chapter_id) VALUES ('en', 'US', 'Projections', 'projections');
INSERT INTO mentapp_chapter (chapter_id, ordering, volume_id) VALUES ('gram-schmidt', 20.0, 20);
INSERT INTO mentapp_chapter_loc (lang_code, dialect_code, title, chapter_id) VALUES ('en', 'US', 'The Gram-Schmidt Process', 'gram-schmidt');
INSERT INTO mentapp_chapter (chapter_id, ordering, volume_id) VALUES ('eigen', 30.0, 20);
INSERT INTO mentapp_chapter_loc (lang_code, dialect_code, title, chapter_id) VALUES ('en', 'US', 'Eigenvectors and Eigenvalues', 'eigen');
INSERT INTO mentapp_chapter (chapter_id, ordering, volume_id) VALUES ('decomposition', 40.0, 20);
INSERT INTO mentapp_chapter_loc (lang_code, dialect_code, title, chapter_id) VALUES ('en', 'US', 'Singular Value Decomposition', 'decomposition');
INSERT INTO mentapp_volume (volume_id) VALUES (21);
INSERT INTO mentapp_chapter (chapter_id, ordering, volume_id) VALUES ('pandas', 10.0, 21);
INSERT INTO mentapp_chapter_loc (lang_code, dialect_code, title, chapter_id) VALUES ('en', 'US', 'Data Tables and pandas', 'pandas');
INSERT INTO mentapp_chapter (chapter_id, ordering, volume_id) VALUES ('sql_1', 20.0, 21);
INSERT INTO mentapp_chapter_loc (lang_code, dialect_code, title, chapter_id) VALUES ('en', 'US', 'Data tables in SQL', 'sql_1');
INSERT INTO mentapp_chapter (chapter_id, ordering, volume_id) VALUES ('hexbinary', 30.0, 21);
INSERT INTO mentapp_chapter_loc (lang_code, dialect_code, title, chapter_id) VALUES ('en', 'US', 'Representing Natural Numbers', 'hexbinary');
INSERT INTO mentapp_volume (volume_id) VALUES (22);
INSERT INTO mentapp_chapter (chapter_id, ordering, volume_id) VALUES ('http', 10.0, 22);
INSERT INTO mentapp_chapter_loc (lang_code, dialect_code, title, chapter_id) VALUES ('en', 'US', 'Making Web Requests with HTTP', 'http');
INSERT INTO mentapp_chapter (chapter_id, ordering, volume_id) VALUES ('api', 20.0, 22);
INSERT INTO mentapp_chapter_loc (lang_code, dialect_code, title, chapter_id) VALUES ('en', 'US', 'Using and Creating APIs', 'api');
INSERT INTO mentapp_chapter (chapter_id, ordering, volume_id) VALUES ('decompression', 30.0, 22);
INSERT INTO mentapp_chapter_loc (lang_code, dialect_code, title, chapter_id) VALUES ('en', 'US', 'Data Compression and Decompression', 'decompression');
INSERT INTO mentapp_chapter (chapter_id, ordering, volume_id) VALUES ('json_xml', 40.0, 22);
INSERT INTO mentapp_chapter_loc (lang_code, dialect_code, title, chapter_id) VALUES ('en', 'US', 'Dealing with JSON and XML', 'json_xml');
INSERT INTO mentapp_chapter (chapter_id, ordering, volume_id) VALUES ('html', 50.0, 22);
INSERT INTO mentapp_chapter_loc (lang_code, dialect_code, title, chapter_id) VALUES ('en', 'US', 'HTML', 'html');
INSERT INTO mentapp_chapter (chapter_id, ordering, volume_id) VALUES ('intro_text', 60.0, 22);
INSERT INTO mentapp_chapter_loc (lang_code, dialect_code, title, chapter_id) VALUES ('en', 'US', 'Introduction to Text', 'intro_text');
INSERT INTO mentapp_chapter (chapter_id, ordering, volume_id) VALUES ('stop_words', 70.0, 22);
INSERT INTO mentapp_chapter_loc (lang_code, dialect_code, title, chapter_id) VALUES ('en', 'US', 'Stop Words', 'stop_words');
INSERT INTO mentapp_chapter (chapter_id, ordering, volume_id) VALUES ('stemming_lemmatization', 80.0, 22);
INSERT INTO mentapp_chapter_loc (lang_code, dialect_code, title, chapter_id) VALUES ('en', 'US', 'Stemming and Lemmatization', 'stemming_lemmatization');
INSERT INTO mentapp_chapter (chapter_id, ordering, volume_id) VALUES ('accents_scripts', 90.0, 22);
INSERT INTO mentapp_chapter_loc (lang_code, dialect_code, title, chapter_id) VALUES ('en', 'US', 'Alphabets and Accents', 'accents_scripts');
INSERT INTO mentapp_volume (volume_id) VALUES (23);
INSERT INTO mentapp_chapter (chapter_id, ordering, volume_id) VALUES ('matplotlib', 10.0, 23);
INSERT INTO mentapp_chapter_loc (lang_code, dialect_code, title, chapter_id) VALUES ('en', 'US', 'Making Plots with matplotlib', 'matplotlib');
INSERT INTO mentapp_chapter (chapter_id, ordering, volume_id) VALUES ('geographical_data', 20.0, 23);
INSERT INTO mentapp_chapter_loc (lang_code, dialect_code, title, chapter_id) VALUES ('en', 'US', 'Geographical Data', 'geographical_data');
INSERT INTO mentapp_chapter (chapter_id, ordering, volume_id) VALUES ('geocoding', 30.0, 23);
INSERT INTO mentapp_chapter_loc (lang_code, dialect_code, title, chapter_id) VALUES ('en', 'US', 'Geocoding and Reverse Geocoding', 'geocoding');
INSERT INTO mentapp_chapter (chapter_id, ordering, volume_id) VALUES ('making_a_map', 40.0, 23);
INSERT INTO mentapp_chapter_loc (lang_code, dialect_code, title, chapter_id) VALUES ('en', 'US', 'Making a Map', 'making_a_map');
INSERT INTO mentapp_volume (volume_id) VALUES (24);
INSERT INTO mentapp_chapter (chapter_id, ordering, volume_id) VALUES ('discrete_probability', 10.0, 24);
INSERT INTO mentapp_chapter_loc (lang_code, dialect_code, title, chapter_id) VALUES ('en', 'US', 'Introduction to Discrete Probability', 'discrete_probability');
INSERT INTO mentapp_chapter (chapter_id, ordering, volume_id) VALUES ('combinatorics', 20.0, 24);
INSERT INTO mentapp_chapter_loc (lang_code, dialect_code, title, chapter_id) VALUES ('en', 'US', 'Beginning Combinatorics', 'combinatorics');
INSERT INTO mentapp_chapter (chapter_id, ordering, volume_id) VALUES ('permutations', 30.0, 24);
INSERT INTO mentapp_chapter_loc (lang_code, dialect_code, title, chapter_id) VALUES ('en', 'US', 'Permutations and Sorting', 'permutations');
INSERT INTO mentapp_volume (volume_id) VALUES (25);
INSERT INTO mentapp_chapter (chapter_id, ordering, volume_id) VALUES ('conditional_prob', 10.0, 25);
INSERT INTO mentapp_chapter_loc (lang_code, dialect_code, title, chapter_id) VALUES ('en', 'US', 'Conditional Probability', 'conditional_prob');
INSERT INTO mentapp_chapter (chapter_id, ordering, volume_id) VALUES ('bayes', 20.0, 25);
INSERT INTO mentapp_chapter_loc (lang_code, dialect_code, title, chapter_id) VALUES ('en', 'US', 'Bayes'' Theorem', 'bayes');
INSERT INTO mentapp_volume (volume_id) VALUES (26);
INSERT INTO mentapp_chapter (chapter_id, ordering, volume_id) VALUES ('definite_integral', 10.0, 26);
INSERT INTO mentapp_chapter_loc (lang_code, dialect_code, title, chapter_id) VALUES ('en', 'US', 'Definite Integrals', 'definite_integral');
INSERT INTO mentapp_chapter (chapter_id, ordering, volume_id) VALUES ('antiderivatives', 20.0, 26);
INSERT INTO mentapp_chapter_loc (lang_code, dialect_code, title, chapter_id) VALUES ('en', 'US', 'Antiderivatives', 'antiderivatives');
INSERT INTO mentapp_chapter (chapter_id, ordering, volume_id) VALUES ('ftc', 30.0, 26);
INSERT INTO mentapp_chapter_loc (lang_code, dialect_code, title, chapter_id) VALUES ('en', 'US', 'The Fundamental Theorem of Calculus', 'ftc');
INSERT INTO mentapp_chapter (chapter_id, ordering, volume_id) VALUES ('gas', 40.0, 26);
INSERT INTO mentapp_chapter_loc (lang_code, dialect_code, title, chapter_id) VALUES ('en', 'US', 'The Physics of Gases', 'gas');
INSERT INTO mentapp_chapter (chapter_id, ordering, volume_id) VALUES ('temp_kinetic', 50.0, 26);
INSERT INTO mentapp_chapter_loc (lang_code, dialect_code, title, chapter_id) VALUES ('en', 'US', 'Kinetic Energy and Temperature of a Gas', 'temp_kinetic');
INSERT INTO mentapp_chapter (chapter_id, ordering, volume_id) VALUES ('phase_change', 60.0, 26);
INSERT INTO mentapp_chapter_loc (lang_code, dialect_code, title, chapter_id) VALUES ('en', 'US', 'Phases of Matter', 'phase_change');
INSERT INTO mentapp_chapter (chapter_id, ordering, volume_id) VALUES ('engine', 70.0, 26);
INSERT INTO mentapp_chapter_loc (lang_code, dialect_code, title, chapter_id) VALUES ('en', 'US', 'The Piston Engine', 'engine');
INSERT INTO mentapp_volume (volume_id) VALUES (27);
INSERT INTO mentapp_chapter (chapter_id, ordering, volume_id) VALUES ('u-substitution', 10.0, 27);
INSERT INTO mentapp_chapter_loc (lang_code, dialect_code, title, chapter_id) VALUES ('en', 'US', 'u-Substitution', 'u-substitution');
INSERT INTO mentapp_chapter (chapter_id, ordering, volume_id) VALUES ('diff_eqs', 20.0, 27);
INSERT INTO mentapp_chapter_loc (lang_code, dialect_code, title, chapter_id) VALUES ('en', 'US', 'Differential Equations', 'diff_eqs');
INSERT INTO mentapp_volume (volume_id) VALUES (28);
INSERT INTO mentapp_chapter (chapter_id, ordering, volume_id) VALUES ('cdf_uniform', 10.0, 28);
INSERT INTO mentapp_chapter_loc (lang_code, dialect_code, title, chapter_id) VALUES ('en', 'US', 'Continuous Probability Distributions', 'cdf_uniform');
INSERT INTO mentapp_chapter (chapter_id, ordering, volume_id) VALUES ('normal_t', 20.0, 28);
INSERT INTO mentapp_chapter_loc (lang_code, dialect_code, title, chapter_id) VALUES ('en', 'US', 'The Normal Distribution', 'normal_t');
INSERT INTO mentapp_chapter (chapter_id, ordering, volume_id) VALUES ('poisson_exponential', 30.0, 28);
INSERT INTO mentapp_chapter_loc (lang_code, dialect_code, title, chapter_id) VALUES ('en', 'US', 'Poisson and Exponential Probability Distributions', 'poisson_exponential');
INSERT INTO mentapp_volume (volume_id) VALUES (29);
INSERT INTO mentapp_chapter (chapter_id, ordering, volume_id) VALUES ('volume_double_integral', 10.0, 29);
INSERT INTO mentapp_chapter_loc (lang_code, dialect_code, title, chapter_id) VALUES ('en', 'US', 'Multiple Integrals', 'volume_double_integral');
INSERT INTO mentapp_chapter (chapter_id, ordering, volume_id) VALUES ('multiv_dist', 20.0, 29);
INSERT INTO mentapp_chapter_loc (lang_code, dialect_code, title, chapter_id) VALUES ('en', 'US', 'Multivariate Distributions', 'multiv_dist');
INSERT INTO mentapp_chapter (chapter_id, ordering, volume_id) VALUES ('multiv_normal', 30.0, 29);
INSERT INTO mentapp_chapter_loc (lang_code, dialect_code, title, chapter_id) VALUES ('en', 'US', 'The Multivariate Normal Distribution', 'multiv_normal');
INSERT INTO mentapp_volume (volume_id) VALUES (30);
INSERT INTO mentapp_chapter (chapter_id, ordering, volume_id) VALUES ('sets', 10.0, 30);
INSERT INTO mentapp_chapter_loc (lang_code, dialect_code, title, chapter_id) VALUES ('en', 'US', 'Sets and Logic', 'sets');
INSERT INTO mentapp_chapter (chapter_id, ordering, volume_id) VALUES ('linked_list_c', 20.0, 30);
INSERT INTO mentapp_chapter_loc (lang_code, dialect_code, title, chapter_id) VALUES ('en', 'US', 'Linked Lists', 'linked_list_c');
INSERT INTO mentapp_chapter (chapter_id, ordering, volume_id) VALUES ('trees', 30.0, 30);
INSERT INTO mentapp_chapter_loc (lang_code, dialect_code, title, chapter_id) VALUES ('en', 'US', 'Trees', 'trees');
INSERT INTO mentapp_chapter (chapter_id, ordering, volume_id) VALUES ('searching_trees', 40.0, 30);
INSERT INTO mentapp_chapter_loc (lang_code, dialect_code, title, chapter_id) VALUES ('en', 'US', 'Searching Trees', 'searching_trees');
INSERT INTO mentapp_chapter (chapter_id, ordering, volume_id) VALUES ('hash_tables', 50.0, 30);
INSERT INTO mentapp_chapter_loc (lang_code, dialect_code, title, chapter_id) VALUES ('en', 'US', 'Hash Tables', 'hash_tables');
INSERT INTO mentapp_chapter (chapter_id, ordering, volume_id) VALUES ('sorting', 60.0, 30);
INSERT INTO mentapp_chapter_loc (lang_code, dialect_code, title, chapter_id) VALUES ('en', 'US', 'Sorting Algorithms', 'sorting');
INSERT INTO mentapp_volume (volume_id) VALUES (31);
INSERT INTO mentapp_chapter (chapter_id, ordering, volume_id) VALUES ('graphs', 10.0, 31);
INSERT INTO mentapp_chapter_loc (lang_code, dialect_code, title, chapter_id) VALUES ('en', 'US', 'Introduction to Graphs', 'graphs');
INSERT INTO mentapp_chapter (chapter_id, ordering, volume_id) VALUES ('dijkstra', 20.0, 31);
INSERT INTO mentapp_chapter_loc (lang_code, dialect_code, title, chapter_id) VALUES ('en', 'US', 'Dijkstra''s Algorithm', 'dijkstra');
INSERT INTO mentapp_chapter (chapter_id, ordering, volume_id) VALUES ('binary_search', 30.0, 31);
INSERT INTO mentapp_chapter_loc (lang_code, dialect_code, title, chapter_id) VALUES ('en', 'US', 'Binary Search', 'binary_search');
INSERT INTO mentapp_chapter (chapter_id, ordering, volume_id) VALUES ('graph_algorithms', 40.0, 31);
INSERT INTO mentapp_chapter_loc (lang_code, dialect_code, title, chapter_id) VALUES ('en', 'US', 'Other Graph Algorithms', 'graph_algorithms');
INSERT INTO mentapp_chapter (chapter_id, ordering, volume_id) VALUES ('bayesian_networks', 50.0, 31);
INSERT INTO mentapp_chapter_loc (lang_code, dialect_code, title, chapter_id) VALUES ('en', 'US', 'Bayesian Networks', 'bayesian_networks');
INSERT INTO mentapp_volume (volume_id) VALUES (32);
INSERT INTO mentapp_chapter (chapter_id, ordering, volume_id) VALUES ('classification_regression', 10.0, 32);
INSERT INTO mentapp_chapter_loc (lang_code, dialect_code, title, chapter_id) VALUES ('en', 'US', 'Introduction to Classification and Regression', 'classification_regression');
INSERT INTO mentapp_chapter (chapter_id, ordering, volume_id) VALUES ('simple_linear', 20.0, 32);
INSERT INTO mentapp_chapter_loc (lang_code, dialect_code, title, chapter_id) VALUES ('en', 'US', 'Simple Linear Regression', 'simple_linear');
INSERT INTO mentapp_chapter (chapter_id, ordering, volume_id) VALUES ('simple_logistic', 30.0, 32);
INSERT INTO mentapp_chapter_loc (lang_code, dialect_code, title, chapter_id) VALUES ('en', 'US', 'Simple Logistic Regression', 'simple_logistic');
INSERT INTO mentapp_chapter (chapter_id, ordering, volume_id) VALUES ('standardization', 40.0, 32);
INSERT INTO mentapp_chapter_loc (lang_code, dialect_code, title, chapter_id) VALUES ('en', 'US', 'Standardizing Data', 'standardization');
INSERT INTO mentapp_chapter (chapter_id, ordering, volume_id) VALUES ('one-hot', 50.0, 32);
INSERT INTO mentapp_chapter_loc (lang_code, dialect_code, title, chapter_id) VALUES ('en', 'US', 'One-Hot Encoding', 'one-hot');
INSERT INTO mentapp_chapter (chapter_id, ordering, volume_id) VALUES ('multiv_logistic', 60.0, 32);
INSERT INTO mentapp_chapter_loc (lang_code, dialect_code, title, chapter_id) VALUES ('en', 'US', 'Multiple Logistic Regression', 'multiv_logistic');
INSERT INTO mentapp_volume (volume_id) VALUES (33);
INSERT INTO mentapp_chapter (chapter_id, ordering, volume_id) VALUES ('train_val_test', 10.0, 33);
INSERT INTO mentapp_chapter_loc (lang_code, dialect_code, title, chapter_id) VALUES ('en', 'US', 'The Training/Validation/Testing Process', 'train_val_test');
INSERT INTO mentapp_chapter (chapter_id, ordering, volume_id) VALUES ('confusion', 20.0, 33);
INSERT INTO mentapp_chapter_loc (lang_code, dialect_code, title, chapter_id) VALUES ('en', 'US', 'Evaluating Classification Systems', 'confusion');
INSERT INTO mentapp_chapter (chapter_id, ordering, volume_id) VALUES ('precision_recall_auc_roc', 30.0, 33);
INSERT INTO mentapp_chapter_loc (lang_code, dialect_code, title, chapter_id) VALUES ('en', 'US', 'Evaluation Binary Classifiers', 'precision_recall_auc_roc');
INSERT INTO mentapp_chapter (chapter_id, ordering, volume_id) VALUES ('knn_classifier', 40.0, 33);
INSERT INTO mentapp_chapter_loc (lang_code, dialect_code, title, chapter_id) VALUES ('en', 'US', 'The k-Nearest Neighbor Classifier', 'knn_classifier');
INSERT INTO mentapp_chapter (chapter_id, ordering, volume_id) VALUES ('naive_bayes_classifier', 50.0, 33);
INSERT INTO mentapp_chapter_loc (lang_code, dialect_code, title, chapter_id) VALUES ('en', 'US', 'Naive Bayes Classifier', 'naive_bayes_classifier');
INSERT INTO mentapp_volume (volume_id) VALUES (34);
INSERT INTO mentapp_chapter (chapter_id, ordering, volume_id) VALUES ('lin_reg_r2_anova', 10.0, 34);
INSERT INTO mentapp_chapter_loc (lang_code, dialect_code, title, chapter_id) VALUES ('en', 'US', 'Evaluating the Fit of a Linear Regression Model', 'lin_reg_r2_anova');
INSERT INTO mentapp_chapter (chapter_id, ordering, volume_id) VALUES ('lin_reg_gradient_descent', 20.0, 34);
INSERT INTO mentapp_chapter_loc (lang_code, dialect_code, title, chapter_id) VALUES ('en', 'US', 'Linear Regression and Gradient Descent', 'lin_reg_gradient_descent');
INSERT INTO mentapp_chapter (chapter_id, ordering, volume_id) VALUES ('glm', 30.0, 34);
INSERT INTO mentapp_chapter_loc (lang_code, dialect_code, title, chapter_id) VALUES ('en', 'US', 'Generalized Linear Models', 'glm');
INSERT INTO mentapp_chapter (chapter_id, ordering, volume_id) VALUES ('link_functions', 40.0, 34);
INSERT INTO mentapp_chapter_loc (lang_code, dialect_code, title, chapter_id) VALUES ('en', 'US', 'Link Functions', 'link_functions');
INSERT INTO mentapp_volume (volume_id) VALUES (35);
INSERT INTO mentapp_chapter (chapter_id, ordering, volume_id) VALUES ('decision_trees_classification', 10.0, 35);
INSERT INTO mentapp_chapter_loc (lang_code, dialect_code, title, chapter_id) VALUES ('en', 'US', 'Decision Trees for Classification', 'decision_trees_classification');
INSERT INTO mentapp_chapter (chapter_id, ordering, volume_id) VALUES ('bagging_random_forest', 20.0, 35);
INSERT INTO mentapp_chapter_loc (lang_code, dialect_code, title, chapter_id) VALUES ('en', 'US', 'Bagging and Random Forests', 'bagging_random_forest');
INSERT INTO mentapp_chapter (chapter_id, ordering, volume_id) VALUES ('boosting', 30.0, 35);
INSERT INTO mentapp_chapter_loc (lang_code, dialect_code, title, chapter_id) VALUES ('en', 'US', 'Boosting', 'boosting');
INSERT INTO mentapp_chapter (chapter_id, ordering, volume_id) VALUES ('clustering_k-means', 40.0, 35);
INSERT INTO mentapp_chapter_loc (lang_code, dialect_code, title, chapter_id) VALUES ('en', 'US', 'Clustering using k-Means', 'clustering_k-means');
INSERT INTO mentapp_volume (volume_id) VALUES (36);
INSERT INTO mentapp_chapter (chapter_id, ordering, volume_id) VALUES ('nn_regression', 10.0, 36);
INSERT INTO mentapp_chapter_loc (lang_code, dialect_code, title, chapter_id) VALUES ('en', 'US', 'Neural Nets for Regression', 'nn_regression');
INSERT INTO mentapp_chapter (chapter_id, ordering, volume_id) VALUES ('nn_classification', 20.0, 36);
INSERT INTO mentapp_chapter_loc (lang_code, dialect_code, title, chapter_id) VALUES ('en', 'US', 'Neural Networks for Classification', 'nn_classification');
INSERT INTO mentapp_chapter (chapter_id, ordering, volume_id) VALUES ('deep_learning', 30.0, 36);
INSERT INTO mentapp_chapter_loc (lang_code, dialect_code, title, chapter_id) VALUES ('en', 'US', 'Deep Learning', 'deep_learning');

INSERT INTO mentapp_site (site_id) VALUES ('github');
INSERT INTO mentapp_site (site_id) VALUES ('x');